{"cameraMode":{"drawMode":0,"name":"Shaded","section":"Shading Mode"},"sceneLighting":true,"audioPlay":false,"sceneViewState":{"showFog":true,"showMaterialUpdate":true,"showSkybox":true,"showFlares":true,"showImageEffects":true,"showParticleSystems":true},"in2DMode":false,"pivot":{"x":12.021233558654786,"y":-0.4073687195777893,"z":-14.751845359802246},"rotation":{"x":0.01922360621392727,"y":0.9404481053352356,"z":-0.05395743250846863,"w":0.33510735630989077},"size":10.0,"orthographic":false}